company_name,summary,date_filed,link_visit
V F CORP (VFC),No summary found.,2024-01-18,https://www.sec.gov/Archives/edgar/data/0000103379/000119312524010243/d641969d8ka.htm
Hewlett Packard Enterprise Co (HPE),"On December 12, 2023, Hewlett Packard Enterprise Company (the “Company,” “HPE,” or “we”) was notified that a suspected nation-state actor, believed to be the threat actor Midnight Blizzard, the state-sponsored actor also known as Cozy Bear, had gained unauthorized access to HPE’s cloud-based email environment. The Company, with assistance from external cybersecurity experts, immediately activated our response process to investigate, contain, and remediate the incident, eradicating the activity.",2024-01-24,https://www.sec.gov/Archives/edgar/data/0001645590/000164559024000009/hpe-20240119.htm
SouthState Corp (SSB),No summary found.,2024-02-09,https://www.sec.gov/Archives/edgar/data/0000764038/000095010324002017/dp206600_8k.htm
MICROSOFT CORP (MSFT),"On January 12, 2024, Microsoft (the “Company” or “we”) detected that beginning in late November 2023, a nation-state associated threat actor had gained access to and exfiltrated information from a very small percentage of employee email accounts including members of our senior leadership team and employees in our cybersecurity, legal, and other functions, on the basis of preliminary analysis. We were able to remove the threat actor’s access to the email accounts on or about January 13, 2024. We are examining the information accessed to determine the impact of the incident. We also continue to investigate the extent of the incident. We have notified and are working with law enforcement. We are also notifying relevant regulatory authorities with respect to unauthorized access to personal information. As of the date of this filing, the incident has not had a material impact on the Company’s operations. The Company has not yet determined whether the incident is reasonably likely to materially impact the Company’s financial condition or results of operations. On January 19, 2024, the Company posted a blog regarding the incident. A copy of the blog is furnished as Exhibit 99.1 to this report.",2024-01-19,https://www.sec.gov/Archives/edgar/data/0000789019/000119312524011295/d708866d8k.htm
First American Financial Corp (FAF),"As disclosed in the Original Report, the Company identified unauthorized activity on certain of its information technology systems.  Upon detection, the Company acted to contain, assess and remediate the incident.  On December 20, 2023, the Company elected to isolate systems from the Internet.  The Company retained leading experts, worked with law enforcement and notified certain regulatory authorities.",2024-01-12,https://www.sec.gov/Archives/edgar/data/0001472787/000095017024004247/faf-20231220.htm
"Cencora, Inc. (COR)","On February 21, 2024, Cencora, Inc. (the “Company”), learned that data from its information systems had been exfiltrated, some of which may contain personal information. Upon initial detection of the unauthorized activity, the Company immediately took containment steps and commenced an investigation with the assistance of law enforcement, cybersecurity experts and external counsel.",2024-02-27,https://www.sec.gov/Archives/edgar/data/0001140859/000110465924028288/tm247267d1_8k.htm
UNITEDHEALTH GROUP INC (UNH),"On February 21, 2024, UnitedHealth Group (the “Company”) identified a suspected nation-state associated cyber security threat actor had gained access to some of the Change Healthcare information technology systems. Immediately upon detection of this outside threat, the Company proactively isolated the impacted systems from other connecting systems in the interest of protecting our partners and patients, to contain, assess and remediate the incident.",2024-02-22,https://www.sec.gov/Archives/edgar/data/0000731766/000073176624000045/unh-20240221.htm
"Cencora, Inc. (COR)","On February 21, 2024, Cencora, Inc. (the “Company”), learned that data from its information systems had been exfiltrated, some of which may contain personal information. Upon initial detection of the unauthorized activity, the Company immediately took containment steps and commenced an investigation with the assistance of law enforcement, cybersecurity experts and external counsel.",2024-02-27,https://www.sec.gov/Archives/edgar/data/0001140859/000110465924028288/tm247267d1_8k.htm
UNITEDHEALTH GROUP INC (UNH),"On February 21, 2024, UnitedHealth Group (the “Company”) identified a suspected nation-state associated cyber security threat actor had gained access to some of the Change Healthcare information technology systems. Immediately upon detection of this outside threat, the Company proactively isolated the impacted systems from other connecting systems in the interest of protecting our partners and patients, to contain, assess and remediate the incident.",2024-02-22,https://www.sec.gov/Archives/edgar/data/0000731766/000073176624000045/unh-20240221.htm
"Cencora, Inc. (COR)","On February 21, 2024, Cencora, Inc. (the “Company”), learned that data from its information systems had been exfiltrated, some of which may contain personal information. Upon initial detection of the unauthorized activity, the Company immediately took containment steps and commenced an investigation with the assistance of law enforcement, cybersecurity experts and external counsel.",2024-02-27,https://www.sec.gov/Archives/edgar/data/0001140859/000110465924028288/tm247267d1_8k.htm
"Cencora, Inc. (COR)","On February 21, 2024, Cencora, Inc. (the “Company”), learned that data from its information systems had been exfiltrated, some of which may contain personal information. Upon initial detection of the unauthorized activity, the Company immediately took containment steps and commenced an investigation with the assistance of law enforcement, cybersecurity experts and external counsel.",2024-02-27,https://www.sec.gov/Archives/edgar/data/0001140859/000110465924028288/tm247267d1_8k.htm
Federal Home Loan Bank of New York,"On February 21, 2024, the Federal Home Loan Bank of New York (“Bank”), through its operational controls, detected unknown persons attempting to fraudulently obtain funds from the Bank (the “incident”).",2024-03-01,https://www.sec.gov/Archives/edgar/data/0001329842/000165495424002505/fhlbny_8k.htm
"Cencora, Inc. (COR)","On February 21, 2024, Cencora, Inc. (the “Company”), learned that data from its information systems had been exfiltrated, some of which may contain personal information. Upon initial detection of the unauthorized activity, the Company immediately took containment steps and commenced an investigation with the assistance of law enforcement, cybersecurity experts and external counsel.",2024-02-27,https://www.sec.gov/Archives/edgar/data/0001140859/000110465924028288/tm247267d1_8k.htm
Federal Home Loan Bank of New York,"On February 21, 2024, the Federal Home Loan Bank of New York (“Bank”), through its operational controls, detected unknown persons attempting to fraudulently obtain funds from the Bank (the “incident”).",2024-03-01,https://www.sec.gov/Archives/edgar/data/0001329842/000165495424002505/fhlbny_8k.htm
Federal Home Loan Bank of New York,"On February 21, 2024, the Federal Home Loan Bank of New York (“Bank”), through its operational controls, detected unknown persons attempting to fraudulently obtain funds from the Bank (the “incident”).",2024-03-01,https://www.sec.gov/Archives/edgar/data/0001329842/000165495424002505/fhlbny_8k.htm
Federal Home Loan Bank of New York,"On February 21, 2024, the Federal Home Loan Bank of New York (“Bank”), through its operational controls, detected unknown persons attempting to fraudulently obtain funds from the Bank (the “incident”).",2024-03-01,https://www.sec.gov/Archives/edgar/data/0001329842/000165495424002505/fhlbny_8k.htm
Federal Home Loan Bank of New York,"On February 21, 2024, the Federal Home Loan Bank of New York (“Bank”), through its operational controls, detected unknown persons attempting to fraudulently obtain funds from the Bank (the “incident”).",2024-03-01,https://www.sec.gov/Archives/edgar/data/0001329842/000165495424002505/fhlbny_8k.htm
UNITEDHEALTH GROUP INC (UNH),No summary found.,2024-03-08,https://www.sec.gov/Archives/edgar/data/0000731766/000073176624000085/unh-20240221.htm
UNITEDHEALTH GROUP INC (UNH),No summary found.,2024-03-08,https://www.sec.gov/Archives/edgar/data/0000731766/000073176624000085/unh-20240221.htm
UNITEDHEALTH GROUP INC (UNH),No summary found.,2024-03-08,https://www.sec.gov/Archives/edgar/data/0000731766/000073176624000085/unh-20240221.htm
UNITEDHEALTH GROUP INC (UNH),No summary found.,2024-03-08,https://www.sec.gov/Archives/edgar/data/0000731766/000073176624000085/unh-20240221.htm
MARINEMAX INC (HZO),No summary found.,2024-03-12,https://www.sec.gov/Archives/edgar/data/0001057060/000095017024030041/hzo-20240310.htm
UNITEDHEALTH GROUP INC (UNH),No summary found.,2024-03-08,https://www.sec.gov/Archives/edgar/data/0000731766/000073176624000085/unh-20240221.htm
MARINEMAX INC (HZO),No summary found.,2024-03-12,https://www.sec.gov/Archives/edgar/data/0001057060/000095017024030041/hzo-20240310.htm
MARINEMAX INC (HZO),No summary found.,2024-03-12,https://www.sec.gov/Archives/edgar/data/0001057060/000095017024030041/hzo-20240310.htm
MARINEMAX INC (HZO),No summary found.,2024-03-12,https://www.sec.gov/Archives/edgar/data/0001057060/000095017024030041/hzo-20240310.htm
MARINEMAX INC (HZO),No summary found.,2024-03-12,https://www.sec.gov/Archives/edgar/data/0001057060/000095017024030041/hzo-20240310.htm
"RADIANT LOGISTICS, INC (RLGT)","On or about March 14, 2024, through its information technology systems monitoring tools, Radiant Logistics, Inc. (the “Company”) detected what was determined to be the initial stages of a cybersecurity incident related to its Canadian operations. Upon detection, the Company immediately initiated its incident response and business continuity protocols and began taking measures to disrupt the unauthorized activity. As part of its process to address the incident, the Company proactively took measures to isolate its Canadian operations from the rest of its network and engaged the services of cybersecurity and forensics professionals to further assess, contain and remediate the incident.  While the incident in combination with the Company’s security protocols have caused service delays for customers in Canada, systems recovery efforts are in process and the Company currently estimates those efforts to be largely complete in the coming week. The Company’s U.S. and other international operations have continued without disruption throughout this process in all material respects.",2024-03-20,https://www.sec.gov/Archives/edgar/data/0001171155/000095017024033954/rlgt-20240319.htm
"RADIANT LOGISTICS, INC (RLGT)","On or about March 14, 2024, through its information technology systems monitoring tools, Radiant Logistics, Inc. (the “Company”) detected what was determined to be the initial stages of a cybersecurity incident related to its Canadian operations. Upon detection, the Company immediately initiated its incident response and business continuity protocols and began taking measures to disrupt the unauthorized activity. As part of its process to address the incident, the Company proactively took measures to isolate its Canadian operations from the rest of its network and engaged the services of cybersecurity and forensics professionals to further assess, contain and remediate the incident.  While the incident in combination with the Company’s security protocols have caused service delays for customers in Canada, systems recovery efforts are in process and the Company currently estimates those efforts to be largely complete in the coming week. The Company’s U.S. and other international operations have continued without disruption throughout this process in all material respects.",2024-03-20,https://www.sec.gov/Archives/edgar/data/0001171155/000095017024033954/rlgt-20240319.htm
"RADIANT LOGISTICS, INC (RLGT)","On or about March 14, 2024, through its information technology systems monitoring tools, Radiant Logistics, Inc. (the “Company”) detected what was determined to be the initial stages of a cybersecurity incident related to its Canadian operations. Upon detection, the Company immediately initiated its incident response and business continuity protocols and began taking measures to disrupt the unauthorized activity. As part of its process to address the incident, the Company proactively took measures to isolate its Canadian operations from the rest of its network and engaged the services of cybersecurity and forensics professionals to further assess, contain and remediate the incident.  While the incident in combination with the Company’s security protocols have caused service delays for customers in Canada, systems recovery efforts are in process and the Company currently estimates those efforts to be largely complete in the coming week. The Company’s U.S. and other international operations have continued without disruption throughout this process in all material respects.",2024-03-20,https://www.sec.gov/Archives/edgar/data/0001171155/000095017024033954/rlgt-20240319.htm
"RADIANT LOGISTICS, INC (RLGT)","On or about March 14, 2024, through its information technology systems monitoring tools, Radiant Logistics, Inc. (the “Company”) detected what was determined to be the initial stages of a cybersecurity incident related to its Canadian operations. Upon detection, the Company immediately initiated its incident response and business continuity protocols and began taking measures to disrupt the unauthorized activity. As part of its process to address the incident, the Company proactively took measures to isolate its Canadian operations from the rest of its network and engaged the services of cybersecurity and forensics professionals to further assess, contain and remediate the incident.  While the incident in combination with the Company’s security protocols have caused service delays for customers in Canada, systems recovery efforts are in process and the Company currently estimates those efforts to be largely complete in the coming week. The Company’s U.S. and other international operations have continued without disruption throughout this process in all material respects.",2024-03-20,https://www.sec.gov/Archives/edgar/data/0001171155/000095017024033954/rlgt-20240319.htm
"RADIANT LOGISTICS, INC (RLGT)","On or about March 14, 2024, through its information technology systems monitoring tools, Radiant Logistics, Inc. (the “Company”) detected what was determined to be the initial stages of a cybersecurity incident related to its Canadian operations. Upon detection, the Company immediately initiated its incident response and business continuity protocols and began taking measures to disrupt the unauthorized activity. As part of its process to address the incident, the Company proactively took measures to isolate its Canadian operations from the rest of its network and engaged the services of cybersecurity and forensics professionals to further assess, contain and remediate the incident.  While the incident in combination with the Company’s security protocols have caused service delays for customers in Canada, systems recovery efforts are in process and the Company currently estimates those efforts to be largely complete in the coming week. The Company’s U.S. and other international operations have continued without disruption throughout this process in all material respects.",2024-03-20,https://www.sec.gov/Archives/edgar/data/0001171155/000095017024033954/rlgt-20240319.htm
SouthState Corp (SSB),No summary found.,2024-03-29,https://www.sec.gov/Archives/edgar/data/0000764038/000155837024004390/ssb-20240206x8ka.htm
SouthState Corp (SSB),No summary found.,2024-03-29,https://www.sec.gov/Archives/edgar/data/0000764038/000155837024004390/ssb-20240206x8ka.htm
SouthState Corp (SSB),No summary found.,2024-03-29,https://www.sec.gov/Archives/edgar/data/0000764038/000155837024004390/ssb-20240206x8ka.htm
SouthState Corp (SSB),No summary found.,2024-03-29,https://www.sec.gov/Archives/edgar/data/0000764038/000155837024004390/ssb-20240206x8ka.htm
MARINEMAX INC (HZO),No summary found.,2024-04-01,https://www.sec.gov/Archives/edgar/data/0001057060/000095017024038881/hzo-20240310.htm
SouthState Corp (SSB),No summary found.,2024-03-29,https://www.sec.gov/Archives/edgar/data/0000764038/000155837024004390/ssb-20240206x8ka.htm
MARINEMAX INC (HZO),No summary found.,2024-04-01,https://www.sec.gov/Archives/edgar/data/0001057060/000095017024038881/hzo-20240310.htm
MARINEMAX INC (HZO),No summary found.,2024-04-01,https://www.sec.gov/Archives/edgar/data/0001057060/000095017024038881/hzo-20240310.htm
MARINEMAX INC (HZO),No summary found.,2024-04-01,https://www.sec.gov/Archives/edgar/data/0001057060/000095017024038881/hzo-20240310.htm
MARINEMAX INC (HZO),No summary found.,2024-04-01,https://www.sec.gov/Archives/edgar/data/0001057060/000095017024038881/hzo-20240310.htm
"B. Riley Financial, Inc. (RILY, RILYG, RILYK, RILYL, RILYM, RILYN, RILYO, RILYP, RILYT, RILYZ)","On April 5, 2024, Targus International, LLC and certain affiliates (collectively, “Targus”), each of which is an indirect subsidiary of B. Riley Financial, Inc. (the “Company”), discovered that a threat actor gained unauthorized access to certain of Targus’ file systems. Upon discovery and with assistance from external cybersecurity counsel and consultants, Targus immediately activated its incident response and business continuity protocols to investigate, contain and remediate the incident. Through this process, proactive containment measures to disrupt unauthorized access resulted in a temporary interruption in the business operations of the Targus network.",2024-04-08,https://www.sec.gov/Archives/edgar/data/0001464790/000121390024031252/ea0203500-8k_briley.htm
"B. Riley Financial, Inc. (RILY, RILYG, RILYK, RILYL, RILYM, RILYN, RILYO, RILYP, RILYT, RILYZ)","On April 5, 2024, Targus International, LLC and certain affiliates (collectively, “Targus”), each of which is an indirect subsidiary of B. Riley Financial, Inc. (the “Company”), discovered that a threat actor gained unauthorized access to certain of Targus’ file systems. Upon discovery and with assistance from external cybersecurity counsel and consultants, Targus immediately activated its incident response and business continuity protocols to investigate, contain and remediate the incident. Through this process, proactive containment measures to disrupt unauthorized access resulted in a temporary interruption in the business operations of the Targus network.",2024-04-08,https://www.sec.gov/Archives/edgar/data/0001464790/000121390024031252/ea0203500-8k_briley.htm
"B. Riley Financial, Inc. (RILY, RILYG, RILYK, RILYL, RILYM, RILYN, RILYO, RILYP, RILYT, RILYZ)","On April 5, 2024, Targus International, LLC and certain affiliates (collectively, “Targus”), each of which is an indirect subsidiary of B. Riley Financial, Inc. (the “Company”), discovered that a threat actor gained unauthorized access to certain of Targus’ file systems. Upon discovery and with assistance from external cybersecurity counsel and consultants, Targus immediately activated its incident response and business continuity protocols to investigate, contain and remediate the incident. Through this process, proactive containment measures to disrupt unauthorized access resulted in a temporary interruption in the business operations of the Targus network.",2024-04-08,https://www.sec.gov/Archives/edgar/data/0001464790/000121390024031252/ea0203500-8k_briley.htm
"B. Riley Financial, Inc. (RILY, RILYG, RILYK, RILYL, RILYM, RILYN, RILYO, RILYP, RILYT, RILYZ)","On April 5, 2024, Targus International, LLC and certain affiliates (collectively, “Targus”), each of which is an indirect subsidiary of B. Riley Financial, Inc. (the “Company”), discovered that a threat actor gained unauthorized access to certain of Targus’ file systems. Upon discovery and with assistance from external cybersecurity counsel and consultants, Targus immediately activated its incident response and business continuity protocols to investigate, contain and remediate the incident. Through this process, proactive containment measures to disrupt unauthorized access resulted in a temporary interruption in the business operations of the Targus network.",2024-04-08,https://www.sec.gov/Archives/edgar/data/0001464790/000121390024031252/ea0203500-8k_briley.htm
"B. Riley Financial, Inc. (RILY, RILYG, RILYK, RILYL, RILYM, RILYN, RILYO, RILYP, RILYT, RILYZ)","On April 5, 2024, Targus International, LLC and certain affiliates (collectively, “Targus”), each of which is an indirect subsidiary of B. Riley Financial, Inc. (the “Company”), discovered that a threat actor gained unauthorized access to certain of Targus’ file systems. Upon discovery and with assistance from external cybersecurity counsel and consultants, Targus immediately activated its incident response and business continuity protocols to investigate, contain and remediate the incident. Through this process, proactive containment measures to disrupt unauthorized access resulted in a temporary interruption in the business operations of the Targus network.",2024-04-08,https://www.sec.gov/Archives/edgar/data/0001464790/000121390024031252/ea0203500-8k_briley.htm
UNITEDHEALTH GROUP INC (UNH),No summary found.,2024-04-24,https://www.sec.gov/Archives/edgar/data/0000731766/000073176624000150/unh-20240221.htm
UNITEDHEALTH GROUP INC (UNH),No summary found.,2024-04-24,https://www.sec.gov/Archives/edgar/data/0000731766/000073176624000150/unh-20240221.htm
UNITEDHEALTH GROUP INC (UNH),No summary found.,2024-04-24,https://www.sec.gov/Archives/edgar/data/0000731766/000073176624000150/unh-20240221.htm
UNITEDHEALTH GROUP INC (UNH),No summary found.,2024-04-24,https://www.sec.gov/Archives/edgar/data/0000731766/000073176624000150/unh-20240221.htm
UNITEDHEALTH GROUP INC (UNH),No summary found.,2024-04-24,https://www.sec.gov/Archives/edgar/data/0000731766/000073176624000150/unh-20240221.htm
"DROPBOX, INC. (DBX)","On April 24, 2024, Dropbox, Inc. (“ On May 1, 2024, Dropbox posted a blog regarding the incident. A copy of the blog is furnished as Exhibit 99.1 to this report.",2024-05-01,https://www.sec.gov/Archives/edgar/data/0001467623/000146762324000024/dbx-20240429.htm
"DROPBOX, INC. (DBX)","On April 24, 2024, Dropbox, Inc. (“ On May 1, 2024, Dropbox posted a blog regarding the incident. A copy of the blog is furnished as Exhibit 99.1 to this report.",2024-05-01,https://www.sec.gov/Archives/edgar/data/0001467623/000146762324000024/dbx-20240429.htm
"DROPBOX, INC. (DBX)","On April 24, 2024, Dropbox, Inc. (“ On May 1, 2024, Dropbox posted a blog regarding the incident. A copy of the blog is furnished as Exhibit 99.1 to this report.",2024-05-01,https://www.sec.gov/Archives/edgar/data/0001467623/000146762324000024/dbx-20240429.htm
"DROPBOX, INC. (DBX)","On April 24, 2024, Dropbox, Inc. (“ On May 1, 2024, Dropbox posted a blog regarding the incident. A copy of the blog is furnished as Exhibit 99.1 to this report.",2024-05-01,https://www.sec.gov/Archives/edgar/data/0001467623/000146762324000024/dbx-20240429.htm
"DROPBOX, INC. (DBX)","On April 24, 2024, Dropbox, Inc. (“ On May 1, 2024, Dropbox posted a blog regarding the incident. A copy of the blog is furnished as Exhibit 99.1 to this report.",2024-05-01,https://www.sec.gov/Archives/edgar/data/0001467623/000146762324000024/dbx-20240429.htm
"BRANDYWINE REALTY TRUST (BDN)
BRANDYWINE OPERATING PARTNERSHIP, L.P.",No summary found.,2024-05-28,https://www.sec.gov/Archives/edgar/data/0001060386/000119312524147625/d774339d8ka.htm
"BRANDYWINE REALTY TRUST (BDN)
BRANDYWINE OPERATING PARTNERSHIP, L.P.",No summary found.,2024-05-28,https://www.sec.gov/Archives/edgar/data/0001060386/000119312524147625/d774339d8ka.htm
"BRANDYWINE REALTY TRUST (BDN)
BRANDYWINE OPERATING PARTNERSHIP, L.P.",No summary found.,2024-05-28,https://www.sec.gov/Archives/edgar/data/0001060386/000119312524147625/d774339d8ka.htm
"BRANDYWINE REALTY TRUST (BDN)
BRANDYWINE OPERATING PARTNERSHIP, L.P.",No summary found.,2024-05-28,https://www.sec.gov/Archives/edgar/data/0001060386/000119312524147625/d774339d8ka.htm
"BRANDYWINE REALTY TRUST (BDN)
BRANDYWINE OPERATING PARTNERSHIP, L.P.",No summary found.,2024-05-28,https://www.sec.gov/Archives/edgar/data/0001060386/000119312524147625/d774339d8ka.htm
"GLOBE LIFE INC. (GL, GL-PD)","On June 13, 2024, following an inquiry from a state insurance regulator, Globe Life Inc. (the “Company”) initiated a review of potential vulnerabilities related to access permissions and user identity management for a Company web portal that likely resulted in unauthorized access to certain",2024-06-14,https://www.sec.gov/Archives/edgar/data/0000320335/000032033524000029/gl-20240614.htm
"GLOBE LIFE INC. (GL, GL-PD)","On June 13, 2024, following an inquiry from a state insurance regulator, Globe Life Inc. (the “Company”) initiated a review of potential vulnerabilities related to access permissions and user identity management for a Company web portal that likely resulted in unauthorized access to certain",2024-06-14,https://www.sec.gov/Archives/edgar/data/0000320335/000032033524000029/gl-20240614.htm
"GLOBE LIFE INC. (GL, GL-PD)","On June 13, 2024, following an inquiry from a state insurance regulator, Globe Life Inc. (the “Company”) initiated a review of potential vulnerabilities related to access permissions and user identity management for a Company web portal that likely resulted in unauthorized access to certain",2024-06-14,https://www.sec.gov/Archives/edgar/data/0000320335/000032033524000029/gl-20240614.htm
"GLOBE LIFE INC. (GL, GL-PD)","On June 13, 2024, following an inquiry from a state insurance regulator, Globe Life Inc. (the “Company”) initiated a review of potential vulnerabilities related to access permissions and user identity management for a Company web portal that likely resulted in unauthorized access to certain",2024-06-14,https://www.sec.gov/Archives/edgar/data/0000320335/000032033524000029/gl-20240614.htm
"GLOBE LIFE INC. (GL, GL-PD)","On June 13, 2024, following an inquiry from a state insurance regulator, Globe Life Inc. (the “Company”) initiated a review of potential vulnerabilities related to access permissions and user identity management for a Company web portal that likely resulted in unauthorized access to certain",2024-06-14,https://www.sec.gov/Archives/edgar/data/0000320335/000032033524000029/gl-20240614.htm
SONIC AUTOMOTIVE INC (SAH),No summary found.,2024-07-05,https://www.sec.gov/Archives/edgar/data/0001043509/000104350924000060/sah-20240705.htm
SONIC AUTOMOTIVE INC (SAH),No summary found.,2024-07-05,https://www.sec.gov/Archives/edgar/data/0001043509/000104350924000060/sah-20240705.htm
SONIC AUTOMOTIVE INC (SAH),No summary found.,2024-07-05,https://www.sec.gov/Archives/edgar/data/0001043509/000104350924000060/sah-20240705.htm
SONIC AUTOMOTIVE INC (SAH),No summary found.,2024-07-05,https://www.sec.gov/Archives/edgar/data/0001043509/000104350924000060/sah-20240705.htm
SONIC AUTOMOTIVE INC (SAH),No summary found.,2024-07-05,https://www.sec.gov/Archives/edgar/data/0001043509/000104350924000060/sah-20240705.htm
"AT&T INC. (T, TBB, TBC, T-PA, T-PC)","On April 19, 2024, AT&T Inc. (“AT&T”) learned that a threat actor claimed to have unlawfully accessed and copied AT&T call logs. AT&T immediately activated its incident response process to investigate and retained external cybersecurity experts to assist. Based on its investigation, AT&T believes that threat actors unlawfully accessed an AT&T workspace on a third-party cloud platform and, between April 14 and April 25, 2024, exfiltrated files containing AT&T records of customer call and text interactions that occurred between approximately May 1 and October 31, 2022, as well as on January 2, 2023, as described below. On May 9, 2024, and again on June 5, 2024, the U.S. Department of Justice determined that, under Item 1.05(c) of Form 8-K, a delay in providing public disclosure was warranted. AT&T is now timely filing this report. AT&T is working with law enforcement in its efforts to arrest those involved in the incident. Based on information available to AT&T, it understands that at least one person has been apprehended. As of the date of this filing, AT&T does not believe that the data is publicly available.",2024-07-12,https://www.sec.gov/Archives/edgar/data/0000732717/000073271724000046/t-20240506.htm
"AT&T INC. (T, TBB, TBC, T-PA, T-PC)","On April 19, 2024, AT&T Inc. (“AT&T”) learned that a threat actor claimed to have unlawfully accessed and copied AT&T call logs. AT&T immediately activated its incident response process to investigate and retained external cybersecurity experts to assist. Based on its investigation, AT&T believes that threat actors unlawfully accessed an AT&T workspace on a third-party cloud platform and, between April 14 and April 25, 2024, exfiltrated files containing AT&T records of customer call and text interactions that occurred between approximately May 1 and October 31, 2022, as well as on January 2, 2023, as described below. On May 9, 2024, and again on June 5, 2024, the U.S. Department of Justice determined that, under Item 1.05(c) of Form 8-K, a delay in providing public disclosure was warranted. AT&T is now timely filing this report. AT&T is working with law enforcement in its efforts to arrest those involved in the incident. Based on information available to AT&T, it understands that at least one person has been apprehended. As of the date of this filing, AT&T does not believe that the data is publicly available.",2024-07-12,https://www.sec.gov/Archives/edgar/data/0000732717/000073271724000046/t-20240506.htm
"AT&T INC. (T, TBB, TBC, T-PA, T-PC)","On April 19, 2024, AT&T Inc. (“AT&T”) learned that a threat actor claimed to have unlawfully accessed and copied AT&T call logs. AT&T immediately activated its incident response process to investigate and retained external cybersecurity experts to assist. Based on its investigation, AT&T believes that threat actors unlawfully accessed an AT&T workspace on a third-party cloud platform and, between April 14 and April 25, 2024, exfiltrated files containing AT&T records of customer call and text interactions that occurred between approximately May 1 and October 31, 2022, as well as on January 2, 2023, as described below. On May 9, 2024, and again on June 5, 2024, the U.S. Department of Justice determined that, under Item 1.05(c) of Form 8-K, a delay in providing public disclosure was warranted. AT&T is now timely filing this report. AT&T is working with law enforcement in its efforts to arrest those involved in the incident. Based on information available to AT&T, it understands that at least one person has been apprehended. As of the date of this filing, AT&T does not believe that the data is publicly available.",2024-07-12,https://www.sec.gov/Archives/edgar/data/0000732717/000073271724000046/t-20240506.htm
BASSETT FURNITURE INDUSTRIES INC (BSET),No summary found.,2024-07-15,https://www.sec.gov/Archives/edgar/data/0000010329/000143774924022743/bset20240715_8k.htm
"AT&T INC. (T, TBB, TBC, T-PA, T-PC)","On April 19, 2024, AT&T Inc. (“AT&T”) learned that a threat actor claimed to have unlawfully accessed and copied AT&T call logs. AT&T immediately activated its incident response process to investigate and retained external cybersecurity experts to assist. Based on its investigation, AT&T believes that threat actors unlawfully accessed an AT&T workspace on a third-party cloud platform and, between April 14 and April 25, 2024, exfiltrated files containing AT&T records of customer call and text interactions that occurred between approximately May 1 and October 31, 2022, as well as on January 2, 2023, as described below. On May 9, 2024, and again on June 5, 2024, the U.S. Department of Justice determined that, under Item 1.05(c) of Form 8-K, a delay in providing public disclosure was warranted. AT&T is now timely filing this report. AT&T is working with law enforcement in its efforts to arrest those involved in the incident. Based on information available to AT&T, it understands that at least one person has been apprehended. As of the date of this filing, AT&T does not believe that the data is publicly available.",2024-07-12,https://www.sec.gov/Archives/edgar/data/0000732717/000073271724000046/t-20240506.htm
BASSETT FURNITURE INDUSTRIES INC (BSET),No summary found.,2024-07-15,https://www.sec.gov/Archives/edgar/data/0000010329/000143774924022743/bset20240715_8k.htm
"AT&T INC. (T, TBB, TBC, T-PA, T-PC)","On April 19, 2024, AT&T Inc. (“AT&T”) learned that a threat actor claimed to have unlawfully accessed and copied AT&T call logs. AT&T immediately activated its incident response process to investigate and retained external cybersecurity experts to assist. Based on its investigation, AT&T believes that threat actors unlawfully accessed an AT&T workspace on a third-party cloud platform and, between April 14 and April 25, 2024, exfiltrated files containing AT&T records of customer call and text interactions that occurred between approximately May 1 and October 31, 2022, as well as on January 2, 2023, as described below. On May 9, 2024, and again on June 5, 2024, the U.S. Department of Justice determined that, under Item 1.05(c) of Form 8-K, a delay in providing public disclosure was warranted. AT&T is now timely filing this report. AT&T is working with law enforcement in its efforts to arrest those involved in the incident. Based on information available to AT&T, it understands that at least one person has been apprehended. As of the date of this filing, AT&T does not believe that the data is publicly available.",2024-07-12,https://www.sec.gov/Archives/edgar/data/0000732717/000073271724000046/t-20240506.htm
BASSETT FURNITURE INDUSTRIES INC (BSET),No summary found.,2024-07-15,https://www.sec.gov/Archives/edgar/data/0000010329/000143774924022743/bset20240715_8k.htm
BASSETT FURNITURE INDUSTRIES INC (BSET),No summary found.,2024-07-15,https://www.sec.gov/Archives/edgar/data/0000010329/000143774924022743/bset20240715_8k.htm
"Crimson Wine Group, Ltd (CWGL)","On July 25, 2024, the Company determined that the cybersecurity incident has likely had a material impact on the Company’s business operations. The incident consisted of the third party’s unauthorized access to a portion of the Company’s internal information systems and the exfiltration of certain files, including files potentially containing sensitive personal information. The Company is still investigating the extent of any personal or otherwise sensitive information contained in the files acquired by the unauthorized third party, including if any personal information of customers was impacted. The Company intends to provide required notifications to affected and potentially affected parties and to applicable regulatory agencies. As part of its process to contain, assess and remediate the incident, the Company took measures, including shutting down certain of its systems, to isolate its operations from the Internet, which resulted in disruption to the Company’s business operations, despite the implementation of workarounds for certain offline operations, and limitation of access to portions of the Company’s business applications supporting aspects of the Company’s operations and corporate functions, including financial and operating reporting systems. Although the Company has substantially restored its information systems and data that were impacted by the cybersecurity incident and has resumed normal business operations, it continues to assess operational impacts and evaluate additional measures to strengthen its surveillance of cybersecurity threats and to prevent unauthorized cybersecurity incidents on or conducted through its information systems and to strengthen its information backup protocols.",2024-07-25,https://www.sec.gov/Archives/edgar/data/0001562151/000156215124000032/cwgl-20240725.htm
"Crimson Wine Group, Ltd (CWGL)","On July 25, 2024, the Company determined that the cybersecurity incident has likely had a material impact on the Company’s business operations. The incident consisted of the third party’s unauthorized access to a portion of the Company’s internal information systems and the exfiltration of certain files, including files potentially containing sensitive personal information. The Company is still investigating the extent of any personal or otherwise sensitive information contained in the files acquired by the unauthorized third party, including if any personal information of customers was impacted. The Company intends to provide required notifications to affected and potentially affected parties and to applicable regulatory agencies. As part of its process to contain, assess and remediate the incident, the Company took measures, including shutting down certain of its systems, to isolate its operations from the Internet, which resulted in disruption to the Company’s business operations, despite the implementation of workarounds for certain offline operations, and limitation of access to portions of the Company’s business applications supporting aspects of the Company’s operations and corporate functions, including financial and operating reporting systems. Although the Company has substantially restored its information systems and data that were impacted by the cybersecurity incident and has resumed normal business operations, it continues to assess operational impacts and evaluate additional measures to strengthen its surveillance of cybersecurity threats and to prevent unauthorized cybersecurity incidents on or conducted through its information systems and to strengthen its information backup protocols.",2024-07-25,https://www.sec.gov/Archives/edgar/data/0001562151/000156215124000032/cwgl-20240725.htm
"Crimson Wine Group, Ltd (CWGL)","On July 25, 2024, the Company determined that the cybersecurity incident has likely had a material impact on the Company’s business operations. The incident consisted of the third party’s unauthorized access to a portion of the Company’s internal information systems and the exfiltration of certain files, including files potentially containing sensitive personal information. The Company is still investigating the extent of any personal or otherwise sensitive information contained in the files acquired by the unauthorized third party, including if any personal information of customers was impacted. The Company intends to provide required notifications to affected and potentially affected parties and to applicable regulatory agencies. As part of its process to contain, assess and remediate the incident, the Company took measures, including shutting down certain of its systems, to isolate its operations from the Internet, which resulted in disruption to the Company’s business operations, despite the implementation of workarounds for certain offline operations, and limitation of access to portions of the Company’s business applications supporting aspects of the Company’s operations and corporate functions, including financial and operating reporting systems. Although the Company has substantially restored its information systems and data that were impacted by the cybersecurity incident and has resumed normal business operations, it continues to assess operational impacts and evaluate additional measures to strengthen its surveillance of cybersecurity threats and to prevent unauthorized cybersecurity incidents on or conducted through its information systems and to strengthen its information backup protocols.",2024-07-25,https://www.sec.gov/Archives/edgar/data/0001562151/000156215124000032/cwgl-20240725.htm
"Crimson Wine Group, Ltd (CWGL)","On July 25, 2024, the Company determined that the cybersecurity incident has likely had a material impact on the Company’s business operations. The incident consisted of the third party’s unauthorized access to a portion of the Company’s internal information systems and the exfiltration of certain files, including files potentially containing sensitive personal information. The Company is still investigating the extent of any personal or otherwise sensitive information contained in the files acquired by the unauthorized third party, including if any personal information of customers was impacted. The Company intends to provide required notifications to affected and potentially affected parties and to applicable regulatory agencies. As part of its process to contain, assess and remediate the incident, the Company took measures, including shutting down certain of its systems, to isolate its operations from the Internet, which resulted in disruption to the Company’s business operations, despite the implementation of workarounds for certain offline operations, and limitation of access to portions of the Company’s business applications supporting aspects of the Company’s operations and corporate functions, including financial and operating reporting systems. Although the Company has substantially restored its information systems and data that were impacted by the cybersecurity incident and has resumed normal business operations, it continues to assess operational impacts and evaluate additional measures to strengthen its surveillance of cybersecurity threats and to prevent unauthorized cybersecurity incidents on or conducted through its information systems and to strengthen its information backup protocols.",2024-07-25,https://www.sec.gov/Archives/edgar/data/0001562151/000156215124000032/cwgl-20240725.htm
"Cencora, Inc. (COR)",No summary found.,2024-07-31,https://www.sec.gov/Archives/edgar/data/0001140859/000110465924084351/tm2420501d1_8ka.htm
"Cencora, Inc. (COR)",No summary found.,2024-07-31,https://www.sec.gov/Archives/edgar/data/0001140859/000110465924084351/tm2420501d1_8ka.htm
META MATERIALS INC. (MMAT),"On July 25, 2024, Meta Materials Inc. (the “Company”) became aware that its website, email system and other related information technology (IT) systems were significantly disrupted and taken offline. Upon detecting the disruption, the Company immediately began taking steps to restore, contain, and remediate the incident with internal and external cybersecurity experts, including beginning an investigation as to the cause of the disruption. On initial investigation, the Company learned that a former executive officer of the Company deliberately de-activated and cancelled the renewal of the Company’s website, which significantly impacted the Company’s IT systems, including delivery and receipt of electronic email communications from customers, investors and other stakeholders of the Company. With the assistance of outside legal counsel, the Company was able to compel the reinstatement of the website and commenced a process to ensure that IT functionality would continue uninterrupted. The website was re-activated and email systems restored on July 29, 2024, although functionality continues to be stressed and delayed as systems come back online. The Company, along with its internal and external cybersecurity experts, continue to work diligently to respond to and mitigate any impact from the incident. On July 26, 2024, Metamaterial Technologies Canada Inc. (“MTCI”) commenced bankruptcy proceedings by filing an assignment in bankruptcy under section 49 of the Bankruptcy and Insolvency Act (Canada) in the District Court of Ontario. Grant Thornton Limited was appointed as trustee in the bankruptcy for the benefit of the creditors of MTCI. The trustee will wind down the business of MTCI and make distributions, if any, to its creditors in accordance with the applicable provisions of the Bankruptcy and Insolvency Act (Canada).",2024-08-01,https://www.sec.gov/Archives/edgar/data/0001431959/000095017024089345/mmat-20240725.htm
"Cencora, Inc. (COR)",No summary found.,2024-07-31,https://www.sec.gov/Archives/edgar/data/0001140859/000110465924084351/tm2420501d1_8ka.htm
META MATERIALS INC. (MMAT),"On July 25, 2024, Meta Materials Inc. (the “Company”) became aware that its website, email system and other related information technology (IT) systems were significantly disrupted and taken offline. Upon detecting the disruption, the Company immediately began taking steps to restore, contain, and remediate the incident with internal and external cybersecurity experts, including beginning an investigation as to the cause of the disruption. On initial investigation, the Company learned that a former executive officer of the Company deliberately de-activated and cancelled the renewal of the Company’s website, which significantly impacted the Company’s IT systems, including delivery and receipt of electronic email communications from customers, investors and other stakeholders of the Company. With the assistance of outside legal counsel, the Company was able to compel the reinstatement of the website and commenced a process to ensure that IT functionality would continue uninterrupted. The website was re-activated and email systems restored on July 29, 2024, although functionality continues to be stressed and delayed as systems come back online. The Company, along with its internal and external cybersecurity experts, continue to work diligently to respond to and mitigate any impact from the incident. On July 26, 2024, Metamaterial Technologies Canada Inc. (“MTCI”) commenced bankruptcy proceedings by filing an assignment in bankruptcy under section 49 of the Bankruptcy and Insolvency Act (Canada) in the District Court of Ontario. Grant Thornton Limited was appointed as trustee in the bankruptcy for the benefit of the creditors of MTCI. The trustee will wind down the business of MTCI and make distributions, if any, to its creditors in accordance with the applicable provisions of the Bankruptcy and Insolvency Act (Canada).",2024-08-01,https://www.sec.gov/Archives/edgar/data/0001431959/000095017024089345/mmat-20240725.htm
"Cencora, Inc. (COR)",No summary found.,2024-07-31,https://www.sec.gov/Archives/edgar/data/0001140859/000110465924084351/tm2420501d1_8ka.htm
META MATERIALS INC. (MMAT),"On July 25, 2024, Meta Materials Inc. (the “Company”) became aware that its website, email system and other related information technology (IT) systems were significantly disrupted and taken offline. Upon detecting the disruption, the Company immediately began taking steps to restore, contain, and remediate the incident with internal and external cybersecurity experts, including beginning an investigation as to the cause of the disruption. On initial investigation, the Company learned that a former executive officer of the Company deliberately de-activated and cancelled the renewal of the Company’s website, which significantly impacted the Company’s IT systems, including delivery and receipt of electronic email communications from customers, investors and other stakeholders of the Company. With the assistance of outside legal counsel, the Company was able to compel the reinstatement of the website and commenced a process to ensure that IT functionality would continue uninterrupted. The website was re-activated and email systems restored on July 29, 2024, although functionality continues to be stressed and delayed as systems come back online. The Company, along with its internal and external cybersecurity experts, continue to work diligently to respond to and mitigate any impact from the incident. On July 26, 2024, Metamaterial Technologies Canada Inc. (“MTCI”) commenced bankruptcy proceedings by filing an assignment in bankruptcy under section 49 of the Bankruptcy and Insolvency Act (Canada) in the District Court of Ontario. Grant Thornton Limited was appointed as trustee in the bankruptcy for the benefit of the creditors of MTCI. The trustee will wind down the business of MTCI and make distributions, if any, to its creditors in accordance with the applicable provisions of the Bankruptcy and Insolvency Act (Canada).",2024-08-01,https://www.sec.gov/Archives/edgar/data/0001431959/000095017024089345/mmat-20240725.htm
SONIC AUTOMOTIVE INC (SAH),No summary found.,2024-08-05,https://www.sec.gov/Archives/edgar/data/0001043509/000104350924000063/sah-20240705.htm
META MATERIALS INC. (MMAT),"On July 25, 2024, Meta Materials Inc. (the “Company”) became aware that its website, email system and other related information technology (IT) systems were significantly disrupted and taken offline. Upon detecting the disruption, the Company immediately began taking steps to restore, contain, and remediate the incident with internal and external cybersecurity experts, including beginning an investigation as to the cause of the disruption. On initial investigation, the Company learned that a former executive officer of the Company deliberately de-activated and cancelled the renewal of the Company’s website, which significantly impacted the Company’s IT systems, including delivery and receipt of electronic email communications from customers, investors and other stakeholders of the Company. With the assistance of outside legal counsel, the Company was able to compel the reinstatement of the website and commenced a process to ensure that IT functionality would continue uninterrupted. The website was re-activated and email systems restored on July 29, 2024, although functionality continues to be stressed and delayed as systems come back online. The Company, along with its internal and external cybersecurity experts, continue to work diligently to respond to and mitigate any impact from the incident. On July 26, 2024, Metamaterial Technologies Canada Inc. (“MTCI”) commenced bankruptcy proceedings by filing an assignment in bankruptcy under section 49 of the Bankruptcy and Insolvency Act (Canada) in the District Court of Ontario. Grant Thornton Limited was appointed as trustee in the bankruptcy for the benefit of the creditors of MTCI. The trustee will wind down the business of MTCI and make distributions, if any, to its creditors in accordance with the applicable provisions of the Bankruptcy and Insolvency Act (Canada).",2024-08-01,https://www.sec.gov/Archives/edgar/data/0001431959/000095017024089345/mmat-20240725.htm
BASSETT FURNITURE INDUSTRIES INC (BSET),No summary found.,2024-08-06,https://www.sec.gov/Archives/edgar/data/0000010329/000143774924024679/bset20240805_8ka.htm
SONIC AUTOMOTIVE INC (SAH),No summary found.,2024-08-05,https://www.sec.gov/Archives/edgar/data/0001043509/000104350924000063/sah-20240705.htm
BASSETT FURNITURE INDUSTRIES INC (BSET),No summary found.,2024-08-06,https://www.sec.gov/Archives/edgar/data/0000010329/000143774924024679/bset20240805_8ka.htm
SONIC AUTOMOTIVE INC (SAH),No summary found.,2024-08-05,https://www.sec.gov/Archives/edgar/data/0001043509/000104350924000063/sah-20240705.htm
BASSETT FURNITURE INDUSTRIES INC (BSET),No summary found.,2024-08-06,https://www.sec.gov/Archives/edgar/data/0000010329/000143774924024679/bset20240805_8ka.htm
SONIC AUTOMOTIVE INC (SAH),No summary found.,2024-08-05,https://www.sec.gov/Archives/edgar/data/0001043509/000104350924000063/sah-20240705.htm
BASSETT FURNITURE INDUSTRIES INC (BSET),No summary found.,2024-08-06,https://www.sec.gov/Archives/edgar/data/0000010329/000143774924024679/bset20240805_8ka.htm
SONIC AUTOMOTIVE INC (SAH),No summary found.,2024-08-05,https://www.sec.gov/Archives/edgar/data/0001043509/000104350924000063/sah-20240705.htm
BASSETT FURNITURE INDUSTRIES INC (BSET),No summary found.,2024-08-06,https://www.sec.gov/Archives/edgar/data/0000010329/000143774924024679/bset20240805_8ka.htm
"DICK'S SPORTING GOODS, INC. (DKS)","On August 21, 2024, the Company discovered unauthorized third-party access to its information systems, including portions of its systems containing certain confidential information. Immediately upon detecting the incident, the Company activated its cybersecurity response plan and engaged with its external cybersecurity experts to investigate, isolate and contain the threat. The Company has also notified federal law enforcement.",2024-08-28,https://www.sec.gov/Archives/edgar/data/0001089063/000108906324000104/dks-20240821.htm
"DICK'S SPORTING GOODS, INC. (DKS)","On August 21, 2024, the Company discovered unauthorized third-party access to its information systems, including portions of its systems containing certain confidential information. Immediately upon detecting the incident, the Company activated its cybersecurity response plan and engaged with its external cybersecurity experts to investigate, isolate and contain the threat. The Company has also notified federal law enforcement.",2024-08-28,https://www.sec.gov/Archives/edgar/data/0001089063/000108906324000104/dks-20240821.htm
"DICK'S SPORTING GOODS, INC. (DKS)","On August 21, 2024, the Company discovered unauthorized third-party access to its information systems, including portions of its systems containing certain confidential information. Immediately upon detecting the incident, the Company activated its cybersecurity response plan and engaged with its external cybersecurity experts to investigate, isolate and contain the threat. The Company has also notified federal law enforcement.",2024-08-28,https://www.sec.gov/Archives/edgar/data/0001089063/000108906324000104/dks-20240821.htm
"DICK'S SPORTING GOODS, INC. (DKS)","On August 21, 2024, the Company discovered unauthorized third-party access to its information systems, including portions of its systems containing certain confidential information. Immediately upon detecting the incident, the Company activated its cybersecurity response plan and engaged with its external cybersecurity experts to investigate, isolate and contain the threat. The Company has also notified federal law enforcement.",2024-08-28,https://www.sec.gov/Archives/edgar/data/0001089063/000108906324000104/dks-20240821.htm
"DICK'S SPORTING GOODS, INC. (DKS)","On August 21, 2024, the Company discovered unauthorized third-party access to its information systems, including portions of its systems containing certain confidential information. Immediately upon detecting the incident, the Company activated its cybersecurity response plan and engaged with its external cybersecurity experts to investigate, isolate and contain the threat. The Company has also notified federal law enforcement.",2024-08-28,https://www.sec.gov/Archives/edgar/data/0001089063/000108906324000104/dks-20240821.htm
HALLIBURTON CO (HAL),No summary found.,2024-09-03,https://www.sec.gov/Archives/edgar/data/0000045012/000004501224000052/hal-20240830.htm
HALLIBURTON CO (HAL),No summary found.,2024-09-03,https://www.sec.gov/Archives/edgar/data/0000045012/000004501224000052/hal-20240830.htm
HALLIBURTON CO (HAL),No summary found.,2024-09-03,https://www.sec.gov/Archives/edgar/data/0000045012/000004501224000052/hal-20240830.htm
HALLIBURTON CO (HAL),No summary found.,2024-09-03,https://www.sec.gov/Archives/edgar/data/0000045012/000004501224000052/hal-20240830.htm
Karat Packaging Inc. (KRT),"On October 18, 2024, Karat Packaging Inc. (the “Company”) discovered unauthorized third-party access to its information systems. Upon detecting the incident, the Company activated its cybersecurity response plan to investigate the scope of the incident and to contain the threat. The Company has also notified federal law enforcement.",2024-10-23,https://www.sec.gov/Archives/edgar/data/0001758021/000121390024089965/ea0218366-8k_karat.htm
Karat Packaging Inc. (KRT),"On October 18, 2024, Karat Packaging Inc. (the “Company”) discovered unauthorized third-party access to its information systems. Upon detecting the incident, the Company activated its cybersecurity response plan to investigate the scope of the incident and to contain the threat. The Company has also notified federal law enforcement.",2024-10-23,https://www.sec.gov/Archives/edgar/data/0001758021/000121390024089965/ea0218366-8k_karat.htm
Karat Packaging Inc. (KRT),"On October 18, 2024, Karat Packaging Inc. (the “Company”) discovered unauthorized third-party access to its information systems. Upon detecting the incident, the Company activated its cybersecurity response plan to investigate the scope of the incident and to contain the threat. The Company has also notified federal law enforcement.",2024-10-23,https://www.sec.gov/Archives/edgar/data/0001758021/000121390024089965/ea0218366-8k_karat.htm
Karat Packaging Inc. (KRT),"On October 18, 2024, Karat Packaging Inc. (the “Company”) discovered unauthorized third-party access to its information systems. Upon detecting the incident, the Company activated its cybersecurity response plan to investigate the scope of the incident and to contain the threat. The Company has also notified federal law enforcement.",2024-10-23,https://www.sec.gov/Archives/edgar/data/0001758021/000121390024089965/ea0218366-8k_karat.htm
"iLearningEngines, Inc. (AILE, AILEW)","On November 11, 2024, the Audit Committee (the “Audit Committee”) of the Board, based on the recommendation of, and after consultation with, the Special Committee, determined that (i) the audited consolidated financial statements of iLearningEngines Holdings, Inc. (formerly known as iLearningEngines Inc.), a wholly owned subsidiary of the Company (“Holdings”), as of December 31, 2023 and 2022 and for each of the three years in the period ended December 31, 2023, which were reported in the Current Report on Form 8-K filed by the Company on April 22, 2024 (the “Super 8-K”), (ii) the audited consolidated financial statements of Holdings, as of December 31, 2022 and 2021 and for each of the three years in the period ended December 31, 2022, which were reported in the registration statement on Form S-4 initially filed by the Company with the U.S. Securities and Exchange Commission (the “SEC”) on September 5, 2023 and declared effective on February 2, 2024 (the “S-4”), in connection with the Company’s business combination, (iii) the Company’s unaudited financial statements for the quarter ended June 30, 2024, (iv) Holdings’ unaudited financial statements for the quarter ended March 31, 2024, which were reported in the Super 8-K, and (v) Holdings’ unaudited financial statements for the quarters ended June 30, 2022, September 30, 2022, June 30, 2023 and September 30, 2023, which were reported in the S-4 ((i)-(v) collectively, the “Non-Reliance Period”), as previously filed with the SEC, should no longer be relied upon. At this time, the Company is unable to determine whether it must correct financial statements for the Non-Reliance Period, or if such corrections are necessary, the quantification of such corrections. If the Investigation concludes that financial statements in the Non-Reliance Period must be restated, the Company intends to diligently pursue completion and filing of such restated financial statements as soon as reasonably practicable. On November 15, 2024, acting based on information identified by the Audit Committee during the course of the Special Committee’s investigation, Marcum LLP (“Marcum”), the Company’s independent registered public accounting firm, informed the Audit Committee of its conclusion that its reports, dated April 22, 2024 and September 1, 2023, on the Company’s previously issued consolidated financial statements as of December 31, 2023 and 2022 and for each of the three years in the period ended December 31, 2023 and as of December 31, 2022 and 2021 and for each of the three years in the period ended December 31, 2022, respectively, should no longer be relied upon. The Company’s management and the Audit Committee have discussed the matters disclosed in this Item 4.02 with Marcum. On November 12, 2024, the Board determined to place S. Farhan Naqvi on administrative leave from his position as Chief Financial Officer of the Company, effective immediately. Subsequently, the Board determined to appoint Mr. Naqvi as the Company’s Senior Vice President – Corporate Development. Mr. Naqvi will continue to receive his salary and other benefits. On November 12, 2024, the Board appointed Bonnie-Jeanne Gerety to serve as the Company’s Interim Chief Financial Officer and principal financial officer. On October 17, 2024, the Division of Enforcement of the SEC issued a subpoena to the Company seeking various documents and information. The Company is in the process of responding to the subpoena and intends to cooperate with the SEC.",2024-11-18,https://www.sec.gov/Archives/edgar/data/0001835972/000121390024099394/ea0221424-8k_ilearning.htm
"iLearningEngines, Inc. (AILE, AILEW)","On November 11, 2024, the Audit Committee (the “Audit Committee”) of the Board, based on the recommendation of, and after consultation with, the Special Committee, determined that (i) the audited consolidated financial statements of iLearningEngines Holdings, Inc. (formerly known as iLearningEngines Inc.), a wholly owned subsidiary of the Company (“Holdings”), as of December 31, 2023 and 2022 and for each of the three years in the period ended December 31, 2023, which were reported in the Current Report on Form 8-K filed by the Company on April 22, 2024 (the “Super 8-K”), (ii) the audited consolidated financial statements of Holdings, as of December 31, 2022 and 2021 and for each of the three years in the period ended December 31, 2022, which were reported in the registration statement on Form S-4 initially filed by the Company with the U.S. Securities and Exchange Commission (the “SEC”) on September 5, 2023 and declared effective on February 2, 2024 (the “S-4”), in connection with the Company’s business combination, (iii) the Company’s unaudited financial statements for the quarter ended June 30, 2024, (iv) Holdings’ unaudited financial statements for the quarter ended March 31, 2024, which were reported in the Super 8-K, and (v) Holdings’ unaudited financial statements for the quarters ended June 30, 2022, September 30, 2022, June 30, 2023 and September 30, 2023, which were reported in the S-4 ((i)-(v) collectively, the “Non-Reliance Period”), as previously filed with the SEC, should no longer be relied upon. At this time, the Company is unable to determine whether it must correct financial statements for the Non-Reliance Period, or if such corrections are necessary, the quantification of such corrections. If the Investigation concludes that financial statements in the Non-Reliance Period must be restated, the Company intends to diligently pursue completion and filing of such restated financial statements as soon as reasonably practicable. On November 15, 2024, acting based on information identified by the Audit Committee during the course of the Special Committee’s investigation, Marcum LLP (“Marcum”), the Company’s independent registered public accounting firm, informed the Audit Committee of its conclusion that its reports, dated April 22, 2024 and September 1, 2023, on the Company’s previously issued consolidated financial statements as of December 31, 2023 and 2022 and for each of the three years in the period ended December 31, 2023 and as of December 31, 2022 and 2021 and for each of the three years in the period ended December 31, 2022, respectively, should no longer be relied upon. The Company’s management and the Audit Committee have discussed the matters disclosed in this Item 4.02 with Marcum. On November 12, 2024, the Board determined to place S. Farhan Naqvi on administrative leave from his position as Chief Financial Officer of the Company, effective immediately. Subsequently, the Board determined to appoint Mr. Naqvi as the Company’s Senior Vice President – Corporate Development. Mr. Naqvi will continue to receive his salary and other benefits. On November 12, 2024, the Board appointed Bonnie-Jeanne Gerety to serve as the Company’s Interim Chief Financial Officer and principal financial officer. On October 17, 2024, the Division of Enforcement of the SEC issued a subpoena to the Company seeking various documents and information. The Company is in the process of responding to the subpoena and intends to cooperate with the SEC.",2024-11-18,https://www.sec.gov/Archives/edgar/data/0001835972/000121390024099394/ea0221424-8k_ilearning.htm
"iLearningEngines, Inc. (AILE, AILEW)","On November 11, 2024, the Audit Committee (the “Audit Committee”) of the Board, based on the recommendation of, and after consultation with, the Special Committee, determined that (i) the audited consolidated financial statements of iLearningEngines Holdings, Inc. (formerly known as iLearningEngines Inc.), a wholly owned subsidiary of the Company (“Holdings”), as of December 31, 2023 and 2022 and for each of the three years in the period ended December 31, 2023, which were reported in the Current Report on Form 8-K filed by the Company on April 22, 2024 (the “Super 8-K”), (ii) the audited consolidated financial statements of Holdings, as of December 31, 2022 and 2021 and for each of the three years in the period ended December 31, 2022, which were reported in the registration statement on Form S-4 initially filed by the Company with the U.S. Securities and Exchange Commission (the “SEC”) on September 5, 2023 and declared effective on February 2, 2024 (the “S-4”), in connection with the Company’s business combination, (iii) the Company’s unaudited financial statements for the quarter ended June 30, 2024, (iv) Holdings’ unaudited financial statements for the quarter ended March 31, 2024, which were reported in the Super 8-K, and (v) Holdings’ unaudited financial statements for the quarters ended June 30, 2022, September 30, 2022, June 30, 2023 and September 30, 2023, which were reported in the S-4 ((i)-(v) collectively, the “Non-Reliance Period”), as previously filed with the SEC, should no longer be relied upon. At this time, the Company is unable to determine whether it must correct financial statements for the Non-Reliance Period, or if such corrections are necessary, the quantification of such corrections. If the Investigation concludes that financial statements in the Non-Reliance Period must be restated, the Company intends to diligently pursue completion and filing of such restated financial statements as soon as reasonably practicable. On November 15, 2024, acting based on information identified by the Audit Committee during the course of the Special Committee’s investigation, Marcum LLP (“Marcum”), the Company’s independent registered public accounting firm, informed the Audit Committee of its conclusion that its reports, dated April 22, 2024 and September 1, 2023, on the Company’s previously issued consolidated financial statements as of December 31, 2023 and 2022 and for each of the three years in the period ended December 31, 2023 and as of December 31, 2022 and 2021 and for each of the three years in the period ended December 31, 2022, respectively, should no longer be relied upon. The Company’s management and the Audit Committee have discussed the matters disclosed in this Item 4.02 with Marcum. On November 12, 2024, the Board determined to place S. Farhan Naqvi on administrative leave from his position as Chief Financial Officer of the Company, effective immediately. Subsequently, the Board determined to appoint Mr. Naqvi as the Company’s Senior Vice President – Corporate Development. Mr. Naqvi will continue to receive his salary and other benefits. On November 12, 2024, the Board appointed Bonnie-Jeanne Gerety to serve as the Company’s Interim Chief Financial Officer and principal financial officer. On October 17, 2024, the Division of Enforcement of the SEC issued a subpoena to the Company seeking various documents and information. The Company is in the process of responding to the subpoena and intends to cooperate with the SEC.",2024-11-18,https://www.sec.gov/Archives/edgar/data/0001835972/000121390024099394/ea0221424-8k_ilearning.htm
"iLearningEngines, Inc. (AILE, AILEW)","On November 11, 2024, the Audit Committee (the “Audit Committee”) of the Board, based on the recommendation of, and after consultation with, the Special Committee, determined that (i) the audited consolidated financial statements of iLearningEngines Holdings, Inc. (formerly known as iLearningEngines Inc.), a wholly owned subsidiary of the Company (“Holdings”), as of December 31, 2023 and 2022 and for each of the three years in the period ended December 31, 2023, which were reported in the Current Report on Form 8-K filed by the Company on April 22, 2024 (the “Super 8-K”), (ii) the audited consolidated financial statements of Holdings, as of December 31, 2022 and 2021 and for each of the three years in the period ended December 31, 2022, which were reported in the registration statement on Form S-4 initially filed by the Company with the U.S. Securities and Exchange Commission (the “SEC”) on September 5, 2023 and declared effective on February 2, 2024 (the “S-4”), in connection with the Company’s business combination, (iii) the Company’s unaudited financial statements for the quarter ended June 30, 2024, (iv) Holdings’ unaudited financial statements for the quarter ended March 31, 2024, which were reported in the Super 8-K, and (v) Holdings’ unaudited financial statements for the quarters ended June 30, 2022, September 30, 2022, June 30, 2023 and September 30, 2023, which were reported in the S-4 ((i)-(v) collectively, the “Non-Reliance Period”), as previously filed with the SEC, should no longer be relied upon. At this time, the Company is unable to determine whether it must correct financial statements for the Non-Reliance Period, or if such corrections are necessary, the quantification of such corrections. If the Investigation concludes that financial statements in the Non-Reliance Period must be restated, the Company intends to diligently pursue completion and filing of such restated financial statements as soon as reasonably practicable. On November 15, 2024, acting based on information identified by the Audit Committee during the course of the Special Committee’s investigation, Marcum LLP (“Marcum”), the Company’s independent registered public accounting firm, informed the Audit Committee of its conclusion that its reports, dated April 22, 2024 and September 1, 2023, on the Company’s previously issued consolidated financial statements as of December 31, 2023 and 2022 and for each of the three years in the period ended December 31, 2023 and as of December 31, 2022 and 2021 and for each of the three years in the period ended December 31, 2022, respectively, should no longer be relied upon. The Company’s management and the Audit Committee have discussed the matters disclosed in this Item 4.02 with Marcum. On November 12, 2024, the Board determined to place S. Farhan Naqvi on administrative leave from his position as Chief Financial Officer of the Company, effective immediately. Subsequently, the Board determined to appoint Mr. Naqvi as the Company’s Senior Vice President – Corporate Development. Mr. Naqvi will continue to receive his salary and other benefits. On November 12, 2024, the Board appointed Bonnie-Jeanne Gerety to serve as the Company’s Interim Chief Financial Officer and principal financial officer. On October 17, 2024, the Division of Enforcement of the SEC issued a subpoena to the Company seeking various documents and information. The Company is in the process of responding to the subpoena and intends to cooperate with the SEC.",2024-11-18,https://www.sec.gov/Archives/edgar/data/0001835972/000121390024099394/ea0221424-8k_ilearning.htm
